Time,Temperature (C),Humidity (%)
10:04:04,20.0,48.0
10:04:08,19.0,48.0
10:04:10,20.0,48.0
10:04:14,20.0,48.0
10:04:15,20.0,48.0
10:04:17,20.0,48.0
10:04:21,20.0,47.0
10:04:22,20.0,48.0
10:04:24,20.0,48.0
10:04:25,19.0,47.0
10:04:29,19.0,48.0
10:04:31,20.0,48.0
10:04:35,19.0,48.0
10:04:36,19.0,48.0
10:04:38,19.0,48.0
10:04:40,19.0,48.0
10:04:44,19.0,48.0
10:04:45,19.0,48.0
10:04:47,19.0,48.0
10:04:48,20.0,48.0
10:04:52,18.0,47.0
10:04:56,19.0,48.0
10:04:58,19.0,48.0
10:04:59,19.0,48.0
10:05:06,19.0,48.0
10:05:07,19.0,48.0
10:05:09,19.0,48.0
10:05:13,19.0,48.0
10:05:17,19.0,48.0
10:05:19,19.0,48.0
10:05:23,19.0,48.0
10:05:24,19.0,48.0
10:05:26,19.0,48.0
10:05:27,19.0,48.0
10:05:29,19.0,48.0
10:05:30,19.0,48.0
10:05:42,19.0,48.0
10:05:43,19.0,48.0
10:05:45,19.0,48.0
10:05:49,19.0,48.0
10:05:56,19.0,48.0
10:05:57,19.0,48.0
10:05:59,19.0,48.0
10:06:00,19.0,48.0
10:06:09,19.0,48.0
10:06:11,19.0,48.0
10:06:12,19.0,48.0
10:06:14,19.0,48.0
10:06:15,19.0,48.0
10:06:17,19.0,48.0
10:06:18,19.0,48.0
10:06:20,19.0,48.0
10:06:22,19.0,48.0
10:06:23,19.0,48.0
10:06:25,19.0,48.0
10:06:26,19.0,48.0
10:06:28,19.0,48.0
10:06:29,19.0,48.0
10:06:31,19.0,48.0
10:06:42,19.0,48.0
10:06:44,19.0,48.0
10:06:45,19.0,48.0
10:06:47,19.0,48.0
Time,Temperature (C),Humidity (%)
10:06:52,19.0,47.0
10:06:55,19.0,47.0
10:06:57,19.0,47.0
10:07:00,19.0,47.0
10:07:02,19.0,47.0
10:07:05,19.0,47.0
10:07:07,19.0,47.0
10:07:08,19.0,48.0
10:07:10,19.0,48.0
10:07:11,19.0,48.0
10:07:13,19.0,48.0
10:07:14,19.0,48.0
10:07:18,19.0,47.0
10:07:23,19.0,47.0
10:07:25,19.0,47.0
10:07:26,19.0,48.0
10:07:28,19.0,48.0
10:07:31,19.0,47.0
10:07:32,19.0,47.0
10:07:34,19.0,48.0
10:07:35,19.0,48.0
10:07:37,19.0,48.0
10:07:39,19.0,47.0
10:07:41,19.0,48.0
10:07:43,19.0,47.0
10:07:45,19.0,48.0
10:07:46,19.0,48.0
10:07:48,19.0,48.0
10:07:51,19.0,47.0
10:07:53,19.0,47.0
10:07:55,19.0,47.0
10:07:56,19.0,48.0
10:07:58,19.0,48.0
10:07:59,19.0,48.0
10:08:01,19.0,48.0
10:08:03,19.0,48.0
10:08:06,19.0,48.0
10:08:08,19.0,48.0
10:08:10,19.0,48.0
10:08:13,19.0,47.0
10:08:15,19.0,47.0
10:08:17,19.0,48.0
10:08:18,19.0,47.0
10:08:20,19.0,48.0
10:08:23,19.0,47.0
10:08:24,19.0,47.0
10:08:26,19.0,48.0
10:08:27,19.0,48.0
10:08:29,19.0,48.0
10:08:30,19.0,48.0
10:08:32,19.0,48.0
10:08:33,19.0,48.0
10:08:36,19.0,47.0
10:08:37,19.0,47.0
10:08:40,19.0,47.0
10:08:41,19.0,47.0
10:08:43,19.0,48.0
10:08:44,19.0,48.0
10:08:47,19.0,48.0
10:08:48,19.0,47.0
10:08:50,19.0,48.0
10:08:51,19.0,48.0
10:08:53,19.0,48.0
10:08:54,19.0,48.0
10:08:56,19.0,48.0
10:08:57,19.0,48.0
10:09:00,20.0,48.0
10:09:01,20.0,47.0
10:09:04,21.0,47.0
10:09:06,21.0,48.0
10:09:07,22.0,49.0
10:09:10,22.0,49.0
10:09:12,22.0,48.0
10:09:13,22.0,49.0
10:09:15,22.0,49.0
10:09:17,22.0,50.0
10:09:18,22.0,49.0
10:09:20,22.0,50.0
10:09:23,22.0,49.0
10:09:25,22.0,49.0
10:09:26,22.0,49.0
10:09:28,22.0,49.0
10:09:30,22.0,49.0
10:09:32,22.0,49.0
10:09:33,21.0,49.0
10:09:35,21.0,49.0
10:09:36,21.0,49.0
10:09:38,21.0,49.0
10:09:39,21.0,49.0
10:09:42,21.0,48.0
10:09:43,21.0,48.0
10:09:45,21.0,49.0
10:09:46,21.0,49.0
10:09:48,21.0,49.0
10:09:49,21.0,49.0
10:09:51,21.0,49.0
10:09:53,21.0,48.0
10:09:54,21.0,49.0
10:09:56,21.0,49.0
10:09:58,21.0,49.0
10:10:01,21.0,48.0
10:10:02,21.0,48.0
10:10:04,21.0,48.0
10:10:06,21.0,48.0
10:10:08,21.0,48.0
10:10:10,21.0,47.0
10:10:14,21.0,47.0
10:10:16,21.0,47.0
10:10:17,21.0,48.0
10:10:20,21.0,47.0
10:10:23,21.0,47.0
10:10:25,21.0,47.0
10:10:31,21.0,46.0
10:10:33,21.0,47.0
10:10:35,21.0,47.0
10:10:37,21.0,47.0
10:10:39,21.0,46.0
10:10:40,21.0,47.0
10:10:42,21.0,47.0
10:10:44,21.0,47.0
10:10:45,21.0,47.0
10:10:47,21.0,47.0
10:10:49,21.0,46.0
10:10:51,21.0,47.0
10:10:53,21.0,46.0
10:10:57,21.0,46.0
10:10:58,21.0,46.0
10:11:00,21.0,47.0
10:11:02,21.0,47.0
10:11:03,21.0,46.0
10:11:05,21.0,47.0
10:11:06,21.0,47.0
10:11:08,21.0,47.0
10:11:09,21.0,47.0
10:11:11,21.0,47.0
10:11:13,21.0,47.0
10:11:14,21.0,47.0
10:11:16,21.0,47.0
10:11:17,21.0,47.0
10:11:19,21.0,47.0
10:11:20,21.0,47.0
10:11:22,21.0,47.0
10:11:23,21.0,47.0
10:11:25,21.0,47.0
10:11:26,21.0,47.0
10:11:28,21.0,47.0
10:11:29,20.0,48.0
10:11:31,20.0,48.0
10:11:32,20.0,48.0
10:11:34,21.0,47.0
10:11:35,20.0,48.0
10:11:37,20.0,48.0
10:11:38,20.0,48.0
10:11:40,20.0,48.0
10:11:42,20.0,48.0
10:11:43,20.0,48.0
10:11:45,20.0,48.0
10:11:46,20.0,48.0
10:11:48,20.0,48.0
10:11:49,20.0,48.0
10:11:51,20.0,48.0
10:11:52,20.0,48.0
10:11:54,20.0,48.0
10:11:55,20.0,47.0
10:11:57,20.0,48.0
10:11:58,20.0,47.0
10:12:00,20.0,47.0
10:12:01,20.0,47.0
10:12:03,20.0,47.0
10:12:04,20.0,47.0
10:12:06,20.0,47.0
10:12:07,20.0,48.0
10:12:09,20.0,47.0
10:12:11,20.0,47.0
10:12:13,20.0,47.0
10:12:15,20.0,47.0
10:12:16,20.0,47.0
10:12:18,20.0,47.0
10:12:19,20.0,47.0
10:12:21,20.0,47.0
10:12:22,20.0,47.0
10:12:24,20.0,47.0
10:12:25,20.0,47.0
10:12:27,20.0,47.0
10:12:29,20.0,47.0
10:12:30,20.0,47.0
10:12:32,20.0,47.0
10:12:33,20.0,47.0
10:12:35,20.0,47.0
10:12:37,20.0,47.0
10:12:38,20.0,47.0
10:12:40,20.0,47.0
10:12:41,20.0,47.0
10:12:43,20.0,47.0
10:12:44,20.0,47.0
10:12:46,20.0,47.0
10:12:48,20.0,47.0
10:12:50,20.0,46.0
10:12:51,20.0,47.0
10:12:53,20.0,47.0
10:12:54,20.0,47.0
10:12:56,20.0,47.0
10:12:57,20.0,47.0
10:12:59,20.0,47.0
10:13:01,20.0,47.0
10:13:03,20.0,47.0
10:13:04,20.0,47.0
10:13:06,20.0,47.0
10:13:07,20.0,47.0
10:13:09,20.0,47.0
10:13:10,20.0,47.0
10:13:12,20.0,47.0
10:13:13,20.0,47.0
10:13:15,20.0,47.0
10:13:17,20.0,47.0
10:13:19,20.0,47.0
10:13:20,20.0,47.0
10:13:22,20.0,47.0
10:13:23,20.0,47.0
10:13:25,20.0,47.0
10:13:27,20.0,47.0
10:13:28,20.0,47.0
10:13:30,20.0,47.0
10:13:31,20.0,47.0
10:13:33,20.0,47.0
10:13:35,20.0,47.0
10:13:36,20.0,47.0
10:13:38,20.0,47.0
10:13:39,20.0,47.0
10:13:41,20.0,47.0
10:13:42,20.0,47.0
10:13:44,20.0,47.0
10:13:45,20.0,47.0
10:13:47,20.0,47.0
10:13:49,20.0,47.0
10:13:50,20.0,47.0
10:13:52,20.0,47.0
10:13:54,20.0,47.0
10:13:55,20.0,47.0
10:13:57,20.0,47.0
10:13:58,20.0,47.0
10:14:00,20.0,47.0
10:14:01,20.0,47.0
10:14:03,20.0,47.0
10:14:04,20.0,47.0
10:14:06,20.0,47.0
10:14:08,20.0,47.0
10:14:09,20.0,47.0
10:14:11,20.0,47.0
10:14:12,20.0,47.0
10:14:14,20.0,47.0
10:14:15,20.0,47.0
10:14:17,20.0,47.0
10:14:18,20.0,47.0
10:14:20,20.0,47.0
10:14:22,20.0,47.0
10:14:23,20.0,47.0
10:14:25,20.0,47.0
10:14:27,19.0,47.0
10:14:28,20.0,47.0
10:14:30,20.0,47.0
10:14:31,20.0,47.0
10:14:33,19.0,47.0
10:14:34,19.0,47.0
10:14:36,19.0,47.0
10:14:37,19.0,47.0
10:14:39,19.0,47.0
10:14:40,19.0,47.0
10:14:42,19.0,47.0
10:14:44,20.0,47.0
10:14:46,19.0,47.0
10:14:48,19.0,47.0
10:14:49,19.0,47.0
10:14:51,19.0,47.0
10:14:52,19.0,47.0
10:14:54,19.0,47.0
10:14:56,19.0,47.0
10:14:57,19.0,47.0
10:14:59,19.0,47.0
10:15:00,19.0,47.0
10:15:02,19.0,47.0
10:15:04,19.0,47.0
10:15:05,19.0,47.0
10:15:07,19.0,48.0
10:15:08,19.0,47.0
10:15:10,19.0,47.0
10:15:12,19.0,47.0
10:15:14,19.0,47.0
10:15:15,19.0,47.0
10:15:17,19.0,47.0
10:15:18,19.0,47.0
10:15:20,19.0,47.0
10:15:21,19.0,47.0
10:15:23,19.0,47.0
10:15:24,19.0,48.0
10:15:26,19.0,48.0
10:15:28,19.0,47.0
10:15:30,19.0,47.0
10:15:31,19.0,47.0
10:15:34,19.0,47.0
10:15:36,19.0,47.0
10:15:37,19.0,47.0
10:15:39,19.0,47.0
10:15:40,19.0,48.0
10:15:42,19.0,48.0
10:15:44,19.0,48.0
10:15:45,19.0,47.0
10:15:47,19.0,47.0
10:15:49,19.0,47.0
10:15:50,19.0,47.0
10:15:52,19.0,48.0
10:15:53,19.0,48.0
10:15:55,19.0,48.0
10:15:56,19.0,48.0
10:15:58,19.0,48.0
10:16:00,19.0,47.0
10:16:02,19.0,47.0
10:16:03,19.0,48.0
10:16:05,19.0,48.0
10:16:06,19.0,48.0
10:16:08,19.0,48.0
10:16:09,19.0,48.0
10:16:11,19.0,48.0
10:16:12,19.0,48.0
10:16:14,19.0,48.0
10:16:15,19.0,48.0
10:16:17,19.0,48.0
10:16:18,19.0,48.0
10:16:20,19.0,48.0
10:16:21,19.0,48.0
10:16:23,19.0,48.0
10:16:25,19.0,47.0
10:16:26,19.0,48.0
10:16:28,19.0,48.0
10:16:30,19.0,48.0
10:16:31,19.0,48.0
10:16:33,19.0,48.0
10:16:34,19.0,48.0
10:16:36,19.0,48.0
10:16:37,19.0,48.0
10:16:39,19.0,48.0
10:16:41,19.0,48.0
10:16:42,19.0,47.0
10:16:44,19.0,47.0
10:16:45,19.0,48.0
10:16:47,19.0,48.0
10:16:48,19.0,48.0
10:16:50,19.0,48.0
10:16:51,19.0,49.0
10:16:53,19.0,48.0
10:16:55,19.0,48.0
10:16:56,19.0,48.0
10:16:58,19.0,48.0
10:16:59,19.0,48.0
10:17:01,19.0,48.0
10:17:02,19.0,48.0
10:17:04,19.0,48.0
10:17:05,19.0,48.0
10:17:07,19.0,48.0
10:17:08,19.0,48.0
10:17:10,19.0,48.0
10:17:11,19.0,48.0
10:17:13,19.0,48.0
10:17:15,19.0,48.0
10:17:16,19.0,47.0
10:17:18,19.0,48.0
10:17:20,19.0,47.0
10:17:22,19.0,48.0
10:17:23,19.0,48.0
10:17:25,19.0,48.0
10:17:27,19.0,47.0
10:17:28,19.0,48.0
10:17:30,19.0,48.0
10:17:31,19.0,48.0
10:17:33,19.0,48.0
10:17:34,19.0,48.0
10:17:36,19.0,48.0
10:17:37,19.0,48.0
10:17:39,19.0,48.0
10:17:40,19.0,48.0
10:17:42,19.0,48.0
10:17:44,19.0,47.0
10:17:45,19.0,48.0
10:17:48,19.0,48.0
10:17:49,19.0,47.0
10:17:51,19.0,48.0
10:17:52,19.0,48.0
10:17:54,19.0,48.0
10:17:55,19.0,48.0
10:17:57,19.0,48.0
10:17:58,19.0,48.0
10:18:00,19.0,48.0
10:18:01,19.0,48.0
10:18:03,19.0,48.0
10:18:05,19.0,48.0
10:18:06,19.0,47.0
10:18:08,19.0,48.0
10:18:09,19.0,48.0
10:18:11,19.0,48.0
10:18:12,19.0,48.0
10:18:14,19.0,48.0
10:18:16,19.0,48.0
10:18:17,19.0,48.0
10:18:19,19.0,48.0
10:18:20,19.0,48.0
10:18:22,19.0,48.0
10:18:23,19.0,48.0
10:18:25,19.0,48.0
10:18:26,19.0,48.0
10:18:28,19.0,48.0
10:18:29,19.0,48.0
10:18:31,19.0,48.0
10:18:33,19.0,47.0
10:18:34,19.0,48.0
10:18:36,19.0,48.0
10:18:38,19.0,47.0
10:18:40,19.0,48.0
10:18:41,19.0,48.0
10:18:44,19.0,47.0
10:18:45,19.0,47.0
10:18:47,19.0,48.0
10:18:48,19.0,48.0
10:18:50,19.0,48.0
10:18:51,19.0,48.0
10:18:53,19.0,48.0
10:18:55,19.0,47.0
10:18:56,19.0,48.0
10:18:58,19.0,48.0
10:18:59,19.0,48.0
10:19:01,19.0,48.0
10:19:03,19.0,48.0
10:19:05,19.0,47.0
10:19:06,19.0,48.0
10:19:08,19.0,48.0
10:19:09,19.0,48.0
10:19:11,19.0,48.0
10:19:13,19.0,47.0
10:19:15,19.0,48.0
10:19:16,19.0,47.0
10:19:18,19.0,48.0
10:19:19,19.0,48.0
10:19:21,19.0,48.0
10:19:23,19.0,48.0
10:19:24,19.0,47.0
10:19:26,19.0,48.0
10:19:27,19.0,48.0
10:19:29,19.0,48.0
10:19:31,19.0,48.0
10:19:32,19.0,48.0
10:19:34,19.0,48.0
10:19:35,19.0,48.0
10:19:37,19.0,48.0
10:19:38,19.0,48.0
10:19:40,19.0,48.0
10:19:41,19.0,48.0
10:19:43,19.0,48.0
10:19:44,19.0,48.0
10:19:46,19.0,48.0
10:19:47,19.0,48.0
10:19:49,19.0,48.0
10:19:50,19.0,48.0
10:19:52,19.0,48.0
10:19:53,19.0,48.0
10:19:55,19.0,48.0
10:19:56,19.0,48.0
10:19:58,19.0,48.0
10:20:00,19.0,48.0
10:20:02,19.0,47.0
10:20:04,19.0,48.0
10:20:05,19.0,47.0
10:20:07,19.0,48.0
10:20:08,19.0,48.0
10:20:10,19.0,48.0
10:20:11,19.0,48.0
10:20:13,19.0,48.0
10:20:14,19.0,48.0
10:20:16,19.0,48.0
10:20:17,19.0,48.0
10:20:19,19.0,48.0
10:20:21,19.0,47.0
10:20:22,19.0,48.0
10:20:24,19.0,48.0
10:20:26,19.0,48.0
10:20:27,19.0,48.0
10:20:29,19.0,48.0
10:20:30,19.0,48.0
10:20:32,19.0,48.0
10:20:33,19.0,48.0
10:20:35,19.0,48.0
10:20:36,19.0,48.0
10:20:38,19.0,48.0
10:20:40,19.0,47.0
10:20:41,19.0,48.0
10:20:43,19.0,48.0
10:20:44,19.0,48.0
10:20:46,19.0,48.0
10:20:47,19.0,48.0
10:20:49,19.0,48.0
10:20:51,19.0,48.0
10:20:52,19.0,48.0
10:20:54,19.0,48.0
10:20:55,19.0,48.0
10:20:57,19.0,48.0
10:20:58,19.0,48.0
10:21:00,19.0,48.0
10:21:01,19.0,48.0
10:21:03,19.0,48.0
10:21:04,19.0,48.0
10:21:06,19.0,48.0
10:21:08,19.0,47.0
10:21:09,19.0,48.0
10:21:11,19.0,48.0
10:21:12,19.0,48.0
10:21:14,19.0,48.0
10:21:17,19.0,48.0
10:21:19,19.0,48.0
10:21:20,19.0,47.0
10:21:22,19.0,48.0
10:21:23,19.0,48.0
10:21:25,19.0,48.0
10:21:26,19.0,48.0
10:21:28,19.0,48.0
10:21:30,19.0,47.0
10:21:32,19.0,48.0
10:21:33,19.0,47.0
10:21:35,19.0,48.0
10:21:36,19.0,48.0
10:21:38,19.0,48.0
10:21:39,19.0,48.0
10:21:42,19.0,48.0
10:21:43,19.0,47.0
10:21:45,19.0,48.0
10:21:46,19.0,48.0
10:21:48,19.0,48.0
10:21:50,19.0,47.0
10:21:52,19.0,48.0
10:21:53,19.0,47.0
10:21:55,19.0,48.0
10:21:57,19.0,47.0
10:21:58,19.0,48.0
10:22:00,19.0,48.0
10:22:02,19.0,48.0
10:22:03,19.0,48.0
10:22:05,19.0,48.0
10:22:06,19.0,48.0
10:22:08,19.0,48.0
10:22:09,19.0,48.0
10:22:11,19.0,48.0
10:22:12,19.0,48.0
10:22:14,19.0,48.0
10:22:15,19.0,48.0
10:22:17,19.0,48.0
10:22:18,19.0,48.0
10:22:20,19.0,48.0
10:22:21,19.0,48.0
10:22:23,19.0,48.0
10:22:24,19.0,48.0
10:22:26,19.0,48.0
10:22:28,19.0,48.0
10:22:29,19.0,48.0
10:22:31,19.0,48.0
10:22:32,19.0,48.0
10:22:34,19.0,48.0
10:22:36,19.0,47.0
10:22:37,19.0,48.0
10:22:39,19.0,48.0
10:22:40,19.0,48.0
10:22:42,19.0,48.0
10:22:43,19.0,48.0
10:22:45,19.0,48.0
10:22:46,19.0,48.0
10:22:48,19.0,48.0
10:22:49,19.0,48.0
10:22:51,19.0,49.0
10:22:52,19.0,48.0
10:22:54,19.0,48.0
10:22:56,19.0,48.0
10:22:57,19.0,48.0
10:22:59,19.0,48.0
10:23:00,19.0,48.0
10:23:02,19.0,48.0
10:23:04,19.0,47.0
10:23:05,19.0,48.0
10:23:07,19.0,48.0
10:23:08,19.0,48.0
10:23:10,19.0,48.0
10:23:11,19.0,48.0
10:23:13,19.0,48.0
10:23:14,19.0,48.0
10:23:16,19.0,48.0
10:23:17,19.0,48.0
10:23:19,19.0,48.0
10:23:20,19.0,48.0
10:23:22,19.0,48.0
10:23:24,19.0,48.0
10:23:25,19.0,48.0
10:23:27,19.0,48.0
10:23:28,19.0,48.0
10:23:30,19.0,48.0
10:23:31,19.0,48.0
10:23:33,19.0,48.0
10:23:34,19.0,48.0
10:23:36,19.0,48.0
10:23:37,19.0,48.0
10:23:39,19.0,48.0
10:23:40,19.0,48.0
10:23:42,19.0,48.0
10:23:44,19.0,47.0
10:23:46,19.0,48.0
10:23:48,19.0,47.0
10:23:49,19.0,48.0
10:23:51,19.0,48.0
10:23:52,19.0,48.0
10:23:54,19.0,48.0
10:23:55,19.0,48.0
10:23:57,19.0,48.0
10:23:58,19.0,48.0
10:24:00,19.0,48.0
10:24:01,19.0,48.0
10:24:03,19.0,48.0
10:24:04,19.0,48.0
10:24:06,19.0,48.0
10:24:07,19.0,48.0
10:24:09,19.0,48.0
10:24:10,19.0,48.0
10:24:12,19.0,48.0
10:24:13,19.0,48.0
10:24:16,19.0,48.0
10:24:17,19.0,47.0
10:24:19,19.0,48.0
10:24:20,19.0,48.0
10:24:22,19.0,48.0
10:24:23,19.0,48.0
10:24:25,19.0,48.0
10:24:26,19.0,48.0
10:24:28,19.0,48.0
10:24:29,19.0,48.0
10:24:31,19.0,48.0
10:24:32,19.0,48.0
10:24:34,19.0,48.0
10:24:35,19.0,48.0
10:24:37,19.0,48.0
10:24:39,19.0,48.0
10:24:40,20.0,47.0
10:24:42,19.0,48.0
10:24:44,19.0,48.0
10:24:46,19.0,48.0
10:24:47,19.0,47.0
10:24:49,19.0,48.0
10:24:50,19.0,48.0
10:24:52,19.0,48.0
10:24:53,19.0,48.0
10:24:55,19.0,48.0
10:24:56,19.0,48.0
10:24:58,19.0,48.0
10:24:59,19.0,48.0
10:25:01,19.0,48.0
10:25:02,19.0,48.0
10:25:04,19.0,48.0
10:25:05,19.0,48.0
10:25:07,19.0,48.0
10:25:08,19.0,48.0
10:25:10,19.0,48.0
10:25:12,19.0,48.0
10:25:13,19.0,48.0
10:25:15,19.0,48.0
10:25:16,19.0,48.0
10:25:18,19.0,48.0
10:25:19,19.0,48.0
10:25:21,19.0,48.0
10:25:22,19.0,48.0
10:25:24,19.0,48.0
10:25:25,19.0,48.0
10:25:27,19.0,48.0
10:25:28,19.0,48.0
10:25:30,19.0,48.0
10:25:31,19.0,48.0
10:25:33,19.0,48.0
10:25:34,19.0,48.0
10:25:36,19.0,48.0
10:25:39,19.0,47.0
10:25:41,19.0,47.0
10:25:42,19.0,48.0
10:25:44,19.0,48.0
10:25:45,19.0,48.0
10:25:47,19.0,48.0
10:25:48,19.0,48.0
10:25:50,19.0,48.0
10:25:51,19.0,48.0
10:25:53,19.0,48.0
10:25:54,19.0,48.0
10:25:56,19.0,48.0
10:25:57,19.0,48.0
10:25:59,19.0,48.0
10:26:00,19.0,48.0
10:26:02,19.0,48.0
10:26:04,19.0,48.0
10:26:05,19.0,48.0
10:26:07,19.0,48.0
10:26:08,19.0,48.0
10:26:10,19.0,48.0
10:26:11,19.0,48.0
10:26:13,19.0,48.0
10:26:14,19.0,48.0
10:26:16,19.0,48.0
10:26:18,19.0,48.0
10:26:19,19.0,47.0
10:26:21,19.0,48.0
10:26:22,19.0,48.0
10:26:24,19.0,48.0
10:26:25,19.0,48.0
10:26:27,19.0,48.0
10:26:28,19.0,48.0
10:26:30,19.0,48.0
10:26:32,19.0,48.0
10:26:34,19.0,47.0
10:26:35,19.0,48.0
10:26:37,19.0,48.0
10:26:38,19.0,48.0
10:26:40,19.0,48.0
10:26:42,19.0,48.0
10:26:44,19.0,48.0
10:26:45,19.0,47.0
10:26:47,19.0,48.0
10:26:48,19.0,48.0
10:26:50,19.0,48.0
10:26:51,19.0,48.0
10:26:53,19.0,48.0
10:26:54,19.0,48.0
10:26:56,19.0,48.0
10:26:58,19.0,48.0
10:26:59,19.0,48.0
10:27:01,19.0,48.0
10:27:03,19.0,48.0
10:27:04,19.0,47.0
10:27:06,19.0,48.0
10:27:07,19.0,48.0
10:27:09,19.0,48.0
10:27:10,19.0,48.0
10:27:12,19.0,48.0
10:27:13,19.0,48.0
10:27:15,19.0,48.0
10:27:16,19.0,48.0
10:27:18,19.0,48.0
10:27:19,19.0,48.0
10:27:21,19.0,48.0
10:27:23,19.0,48.0
10:27:25,19.0,47.0
10:27:26,19.0,48.0
10:27:28,19.0,48.0
10:27:30,19.0,48.0
10:27:31,19.0,47.0
10:27:33,19.0,48.0
10:27:34,19.0,48.0
10:27:36,19.0,48.0
10:27:37,19.0,48.0
10:27:39,19.0,48.0
10:27:40,19.0,48.0
10:27:42,19.0,47.0
10:27:43,19.0,48.0
10:27:45,19.0,48.0
10:27:46,19.0,48.0
10:27:48,19.0,48.0
10:27:49,19.0,48.0
10:27:51,19.0,48.0
10:27:53,19.0,48.0
10:27:54,19.0,48.0
10:27:56,19.0,48.0
10:27:57,19.0,48.0
10:27:59,19.0,48.0
10:28:00,19.0,48.0
10:28:02,19.0,48.0
10:28:03,19.0,48.0
10:28:05,19.0,48.0
10:28:06,19.0,48.0
10:28:08,19.0,48.0
10:28:09,19.0,48.0
10:28:11,19.0,48.0
10:28:12,19.0,48.0
10:28:14,19.0,48.0
10:28:16,19.0,47.0
10:28:18,19.0,48.0
10:28:19,19.0,48.0
10:28:21,19.0,48.0
10:28:22,19.0,48.0
10:28:24,19.0,48.0
10:28:26,19.0,48.0
10:28:28,19.0,48.0
10:28:29,19.0,48.0
10:28:31,19.0,48.0
10:28:32,19.0,48.0
10:28:34,19.0,48.0
10:28:35,19.0,48.0
10:28:37,19.0,48.0
10:28:38,19.0,48.0
10:28:40,19.0,48.0
10:28:41,19.0,49.0
10:28:43,19.0,48.0
10:28:45,19.0,48.0
10:28:46,19.0,48.0
10:28:48,19.0,48.0
10:28:49,19.0,48.0
10:28:51,19.0,48.0
10:28:53,19.0,48.0
10:28:54,19.0,48.0
10:28:56,19.0,48.0
10:28:58,19.0,48.0
10:29:00,19.0,48.0
10:29:01,19.0,48.0
10:29:03,19.0,48.0
10:29:04,19.0,48.0
10:29:06,19.0,48.0
10:29:07,19.0,48.0
10:29:09,19.0,48.0
10:29:11,19.0,48.0
10:29:12,19.0,48.0
10:29:14,19.0,48.0
10:29:15,19.0,48.0
10:29:17,19.0,48.0
10:29:18,19.0,48.0
10:29:20,19.0,48.0
10:29:21,19.0,48.0
10:29:23,19.0,48.0
10:29:24,19.0,48.0
10:29:26,19.0,48.0
10:29:27,19.0,48.0
10:29:29,19.0,48.0
10:29:30,19.0,48.0
10:29:32,19.0,48.0
10:29:34,19.0,48.0
10:29:36,19.0,48.0
10:29:37,19.0,48.0
10:29:39,19.0,48.0
10:29:40,19.0,48.0
10:29:42,19.0,48.0
10:29:43,19.0,48.0
10:29:45,19.0,48.0
10:29:46,19.0,48.0
10:29:48,19.0,48.0
10:29:49,19.0,48.0
10:29:51,19.0,48.0
10:29:52,19.0,48.0
10:29:54,19.0,48.0
10:29:55,19.0,48.0
10:29:57,19.0,48.0
10:29:58,19.0,48.0
10:30:00,19.0,48.0
10:30:01,19.0,48.0
10:30:03,19.0,48.0
10:30:05,19.0,48.0
10:30:06,19.0,48.0
10:30:08,19.0,48.0
10:30:10,19.0,48.0
10:30:11,19.0,48.0
10:30:13,19.0,48.0
10:30:14,19.0,48.0
10:30:16,19.0,48.0
10:30:17,19.0,48.0
10:30:19,19.0,48.0
10:30:20,19.0,48.0
10:30:22,19.0,48.0
10:30:23,19.0,48.0
10:30:25,19.0,49.0
10:30:26,19.0,48.0
10:30:28,19.0,48.0
10:30:30,19.0,48.0
10:30:31,19.0,48.0
10:30:33,19.0,48.0
10:30:34,19.0,48.0
10:30:36,19.0,47.0
10:30:37,19.0,48.0
10:30:39,19.0,48.0
10:30:40,19.0,48.0
10:30:42,19.0,48.0
10:30:43,19.0,48.0
10:30:45,19.0,48.0
10:30:46,19.0,48.0
10:30:48,19.0,48.0
10:30:49,19.0,48.0
10:30:51,19.0,48.0
10:30:52,19.0,48.0
10:30:54,19.0,48.0
10:30:55,19.0,48.0
10:30:57,19.0,48.0
10:30:59,19.0,48.0
10:31:00,19.0,48.0
10:31:02,19.0,49.0
10:31:03,19.0,48.0
10:31:05,19.0,48.0
10:31:06,19.0,48.0
10:31:08,19.0,48.0
10:31:10,19.0,48.0
10:31:11,19.0,48.0
10:31:13,19.0,48.0
10:31:15,19.0,48.0
10:31:16,19.0,48.0
10:31:18,19.0,48.0
10:31:19,19.0,48.0
10:31:21,19.0,48.0
10:31:22,19.0,48.0
10:31:25,19.0,48.0
10:31:26,19.0,48.0
10:31:28,19.0,48.0
10:31:29,19.0,48.0
10:31:31,19.0,48.0
10:31:32,19.0,48.0
10:31:34,19.0,48.0
10:31:35,19.0,48.0
10:31:37,19.0,48.0
10:31:39,19.0,48.0
10:31:40,19.0,48.0
10:31:42,19.0,48.0
10:31:43,19.0,48.0
10:31:45,19.0,48.0
10:31:46,19.0,48.0
10:31:48,19.0,49.0
10:31:50,19.0,48.0
10:31:51,19.0,48.0
10:31:53,19.0,48.0
10:31:54,19.0,48.0
10:31:56,19.0,48.0
10:31:57,19.0,49.0
10:31:59,19.0,48.0
10:32:00,19.0,48.0
10:32:02,19.0,48.0
10:32:03,19.0,48.0
10:32:05,19.0,48.0
10:32:06,19.0,48.0
10:32:08,19.0,48.0
10:32:09,19.0,48.0
10:32:11,19.0,49.0
10:32:12,19.0,49.0
10:32:14,19.0,48.0
10:32:15,19.0,49.0
10:32:17,19.0,48.0
10:32:19,19.0,49.0
10:32:21,19.0,48.0
10:32:22,19.0,48.0
10:32:24,19.0,48.0
10:32:25,19.0,49.0
10:32:27,19.0,48.0
10:32:28,19.0,48.0
10:32:30,19.0,49.0
10:32:31,19.0,49.0
10:32:33,19.0,49.0
10:32:34,19.0,49.0
10:32:36,19.0,49.0
10:32:37,19.0,49.0
10:32:39,19.0,49.0
10:32:40,19.0,49.0
10:32:42,19.0,49.0
10:32:43,19.0,49.0
10:32:46,19.0,49.0
10:32:47,19.0,48.0
10:32:49,19.0,48.0
10:32:50,19.0,49.0
10:32:52,19.0,48.0
10:32:54,19.0,48.0
10:32:56,19.0,48.0
10:32:57,19.0,48.0
10:32:59,19.0,48.0
10:33:00,19.0,48.0
10:33:02,19.0,49.0
10:33:04,19.0,49.0
10:33:05,19.0,48.0
10:33:07,19.0,48.0
10:33:09,19.0,48.0
10:33:10,19.0,49.0
10:33:12,19.0,49.0
10:33:14,19.0,49.0
10:33:16,19.0,48.0
10:33:17,19.0,48.0
10:33:19,19.0,48.0
10:33:20,19.0,49.0
10:33:22,19.0,49.0
10:33:24,19.0,48.0
10:33:25,19.0,48.0
10:33:27,19.0,48.0
10:33:28,19.0,48.0
10:33:30,19.0,48.0
10:33:31,19.0,49.0
10:33:33,19.0,49.0
10:33:35,19.0,49.0
10:33:37,19.0,49.0
10:33:38,19.0,48.0
10:33:40,19.0,49.0
10:33:41,19.0,49.0
10:33:44,19.0,48.0
10:33:45,19.0,48.0
10:33:47,19.0,48.0
10:33:48,19.0,49.0
10:33:50,19.0,49.0
10:33:52,19.0,48.0
10:33:53,19.0,49.0
10:33:55,19.0,49.0
10:33:56,19.0,49.0
10:33:59,19.0,49.0
10:34:00,19.0,48.0
10:34:02,19.0,49.0
10:34:04,19.0,49.0
10:34:06,19.0,49.0
10:34:07,19.0,48.0
10:34:09,19.0,49.0
10:34:10,19.0,49.0
10:34:12,19.0,49.0
10:34:13,19.0,49.0
10:34:15,19.0,49.0
10:34:16,19.0,49.0
10:34:18,19.0,49.0
10:34:19,19.0,49.0
10:34:21,19.0,49.0
10:34:23,19.0,49.0
10:34:24,19.0,49.0
10:34:26,19.0,49.0
10:34:27,19.0,49.0
10:34:29,19.0,49.0
10:34:30,19.0,49.0
10:34:32,19.0,49.0
10:34:33,19.0,49.0
10:34:35,19.0,49.0
10:34:36,19.0,49.0
10:34:38,19.0,49.0
10:34:40,19.0,48.0
10:34:41,19.0,49.0
10:34:43,19.0,49.0
10:34:44,19.0,49.0
10:34:46,19.0,49.0
10:34:47,19.0,49.0
10:34:49,19.0,49.0
10:34:51,19.0,49.0
10:34:53,19.0,48.0
10:34:54,19.0,49.0
10:34:56,19.0,49.0
10:34:57,19.0,49.0
10:34:59,19.0,49.0
10:35:00,19.0,49.0
10:35:02,19.0,49.0
10:35:03,19.0,49.0
10:35:05,19.0,49.0
10:35:06,19.0,49.0
10:35:08,19.0,49.0
10:35:09,19.0,49.0
10:35:11,19.0,49.0
10:35:12,19.0,49.0
10:35:14,19.0,49.0
10:35:17,19.0,48.0
10:35:19,19.0,48.0
10:35:20,19.0,49.0
10:35:22,19.0,49.0
10:35:24,19.0,49.0
10:35:25,19.0,48.0
10:35:27,19.0,49.0
10:35:28,19.0,49.0
10:35:30,19.0,49.0
10:35:31,19.0,49.0
10:35:33,19.0,49.0
10:35:34,19.0,49.0
10:35:36,19.0,49.0
10:35:37,19.0,49.0
10:35:39,19.0,49.0
10:35:40,19.0,49.0
10:35:43,19.0,49.0
10:35:44,19.0,48.0
10:35:46,19.0,49.0
10:35:47,19.0,49.0
10:35:49,19.0,49.0
10:35:50,19.0,49.0
10:35:53,19.0,48.0
10:35:54,19.0,48.0
10:35:56,19.0,49.0
10:35:57,19.0,49.0
10:35:59,19.0,49.0
10:36:00,19.0,49.0
10:36:02,19.0,49.0
10:36:03,19.0,49.0
10:36:05,19.0,49.0
10:36:06,19.0,49.0
10:36:09,19.0,49.0
10:36:10,19.0,48.0
10:36:12,19.0,49.0
10:36:14,19.0,49.0
10:36:15,19.0,48.0
10:36:17,19.0,49.0
10:36:18,19.0,49.0
10:36:20,19.0,49.0
10:36:21,19.0,49.0
10:36:23,19.0,49.0
10:36:24,19.0,49.0
10:36:26,19.0,49.0
10:36:27,19.0,49.0
10:36:29,19.0,49.0
10:36:30,19.0,49.0
10:36:32,19.0,49.0
10:36:34,19.0,49.0
10:36:35,19.0,49.0
10:36:37,19.0,49.0
10:36:38,19.0,49.0
10:36:40,19.0,49.0
10:36:41,19.0,49.0
10:36:43,19.0,49.0
10:36:45,19.0,48.0
10:36:47,19.0,48.0
10:36:48,19.0,49.0
10:36:50,19.0,49.0
10:36:51,19.0,50.0
10:36:53,19.0,49.0
10:36:54,19.0,49.0
10:36:56,19.0,49.0
10:36:57,19.0,49.0
10:36:59,19.0,49.0
10:37:01,19.0,49.0
10:37:03,19.0,48.0
10:37:04,19.0,49.0
10:37:06,19.0,49.0
10:37:08,19.0,48.0
10:37:09,19.0,49.0
10:37:11,19.0,49.0
10:37:12,19.0,49.0
10:37:14,19.0,49.0
10:37:16,19.0,49.0
10:37:18,19.0,49.0
10:37:19,19.0,48.0
10:37:21,19.0,49.0
10:37:22,19.0,49.0
10:37:24,19.0,49.0
10:37:26,19.0,49.0
10:37:28,19.0,49.0
10:37:29,19.0,48.0
10:37:31,19.0,49.0
10:37:32,19.0,49.0
10:37:34,19.0,49.0
10:37:35,19.0,49.0
10:37:37,19.0,49.0
10:37:38,19.0,49.0
10:37:40,19.0,49.0
10:37:41,19.0,49.0
10:37:43,19.0,49.0
10:37:44,19.0,49.0
10:37:46,19.0,49.0
10:37:48,19.0,49.0
10:37:50,19.0,49.0
10:37:52,20.0,48.0
10:37:53,19.0,49.0
10:37:55,19.0,49.0
10:37:56,19.0,49.0
10:37:58,19.0,49.0
10:38:00,19.0,49.0
10:38:01,19.0,48.0
10:38:03,19.0,49.0
10:38:05,19.0,48.0
10:38:07,19.0,49.0
10:38:08,19.0,48.0
10:38:10,19.0,49.0
10:38:12,19.0,49.0
10:38:13,19.0,48.0
10:38:15,19.0,49.0
10:38:17,19.0,49.0
10:38:18,19.0,49.0
10:38:20,19.0,49.0
10:38:22,19.0,49.0
10:38:24,19.0,49.0
10:38:25,19.0,48.0
10:38:27,19.0,49.0
10:38:28,19.0,49.0
10:38:30,19.0,49.0
10:38:32,19.0,48.0
10:38:33,19.0,49.0
10:38:35,19.0,49.0
10:38:36,19.0,49.0
10:38:39,19.0,49.0
10:38:40,19.0,48.0
10:38:42,19.0,49.0
10:38:43,19.0,49.0
10:38:45,19.0,49.0
10:38:48,19.0,48.0
10:38:49,19.0,48.0
10:38:51,19.0,49.0
10:38:52,19.0,49.0
10:38:54,19.0,49.0
10:38:55,19.0,49.0
10:38:57,19.0,49.0
10:38:59,19.0,48.0
10:39:00,19.0,49.0
10:39:02,19.0,49.0
10:39:04,19.0,49.0
10:39:05,19.0,49.0
10:39:07,19.0,49.0
10:39:08,19.0,49.0
10:39:10,19.0,49.0
10:39:11,19.0,49.0
10:39:13,19.0,49.0
10:39:14,19.0,49.0
10:39:16,19.0,49.0
10:39:17,19.0,49.0
10:39:19,19.0,49.0
10:39:20,19.0,49.0
10:39:22,19.0,49.0
10:39:25,19.0,48.0
10:39:26,19.0,48.0
10:39:29,19.0,49.0
10:39:30,19.0,48.0
10:39:32,19.0,49.0
10:39:35,19.0,48.0
10:39:36,19.0,48.0
10:39:38,19.0,49.0
10:39:39,19.0,49.0
10:39:41,19.0,49.0
10:39:42,19.0,49.0
10:39:44,19.0,49.0
10:39:46,19.0,48.0
10:39:47,19.0,49.0
10:39:49,19.0,49.0
10:39:51,19.0,49.0
10:39:53,19.0,48.0
10:39:54,19.0,49.0
10:39:56,19.0,49.0
10:39:57,19.0,49.0
10:39:59,19.0,49.0
10:40:00,19.0,49.0
10:40:02,19.0,49.0
10:40:03,19.0,49.0
10:40:05,19.0,49.0
10:40:06,19.0,49.0
10:40:08,19.0,49.0
10:40:09,19.0,49.0
10:40:11,19.0,49.0
10:40:12,19.0,49.0
10:40:14,19.0,49.0
10:40:15,19.0,49.0
10:40:17,19.0,49.0
10:40:19,19.0,49.0
10:40:21,19.0,48.0
10:40:22,19.0,49.0
10:40:24,19.0,49.0
10:40:25,19.0,49.0
10:40:27,19.0,49.0
10:40:28,19.0,49.0
10:40:30,19.0,49.0
10:40:32,19.0,49.0
10:40:33,19.0,48.0
10:40:35,19.0,49.0
10:40:36,19.0,49.0
10:40:38,19.0,49.0
10:40:39,19.0,49.0
10:40:41,19.0,49.0
10:40:42,19.0,49.0
10:40:44,19.0,49.0
10:40:46,19.0,49.0
10:40:47,19.0,49.0
10:40:49,19.0,49.0
10:40:50,19.0,49.0
10:40:52,19.0,49.0
10:40:53,19.0,49.0
10:40:55,19.0,49.0
10:40:57,19.0,49.0
10:40:58,19.0,48.0
10:41:00,19.0,49.0
10:41:01,19.0,49.0
10:41:03,19.0,49.0
10:41:04,19.0,49.0
10:41:06,19.0,49.0
10:41:07,19.0,49.0
10:41:09,19.0,49.0
10:41:10,19.0,49.0
10:41:12,19.0,49.0
10:41:14,19.0,49.0
10:41:15,19.0,49.0
10:41:17,19.0,49.0
10:41:18,19.0,49.0
10:41:20,19.0,49.0
10:41:21,19.0,49.0
10:41:23,19.0,49.0
10:41:24,19.0,49.0
10:41:26,19.0,49.0
10:41:27,19.0,49.0
10:41:29,19.0,49.0
10:41:30,19.0,49.0
10:41:32,19.0,49.0
10:41:34,19.0,49.0
10:41:35,19.0,48.0
10:41:37,19.0,49.0
10:41:38,19.0,49.0
10:41:40,19.0,49.0
10:41:42,19.0,49.0
10:41:43,19.0,49.0
10:41:45,19.0,49.0
10:41:47,19.0,49.0
10:41:48,19.0,48.0
10:41:51,19.0,48.0
10:41:52,19.0,48.0
10:41:54,19.0,49.0
10:41:55,19.0,49.0
10:41:57,19.0,49.0
10:41:58,19.0,49.0
10:42:00,19.0,49.0
10:42:01,19.0,49.0
10:42:03,19.0,49.0
10:42:06,19.0,48.0
10:42:07,19.0,48.0
10:42:09,19.0,49.0
10:42:11,19.0,48.0
10:42:13,19.0,48.0
10:42:14,19.0,49.0
10:42:16,19.0,49.0
10:42:17,19.0,49.0
10:42:19,19.0,49.0
10:42:20,19.0,49.0
10:42:22,19.0,49.0
10:42:23,19.0,49.0
10:42:25,19.0,49.0
10:42:28,19.0,48.0
10:42:30,19.0,48.0
10:42:32,19.0,48.0
10:42:33,19.0,49.0
10:42:35,19.0,49.0
10:42:36,19.0,49.0
10:42:38,19.0,49.0
10:42:39,19.0,49.0
10:42:41,19.0,49.0
10:42:42,19.0,49.0
10:42:44,19.0,49.0
10:42:45,19.0,49.0
10:42:47,19.0,49.0
10:42:48,19.0,49.0
10:42:50,19.0,49.0
10:42:51,19.0,49.0
10:42:53,19.0,49.0
10:42:55,19.0,49.0
10:42:57,19.0,48.0
10:42:59,19.0,49.0
10:43:01,19.0,49.0
10:43:02,19.0,48.0
10:43:04,19.0,49.0
10:43:06,19.0,49.0
10:43:07,19.0,48.0
10:43:09,19.0,49.0
10:43:11,19.0,48.0
10:43:12,19.0,49.0
10:43:14,19.0,49.0
10:43:16,19.0,49.0
10:43:18,19.0,48.0
10:43:20,19.0,49.0
10:43:21,19.0,48.0
10:43:23,19.0,50.0
10:43:24,19.0,49.0
10:43:26,19.0,49.0
10:43:28,19.0,49.0
10:43:29,19.0,48.0
10:43:31,19.0,49.0
10:43:32,19.0,49.0
10:43:34,19.0,49.0
10:43:35,19.0,49.0
10:43:37,19.0,49.0
10:43:38,19.0,49.0
10:43:40,19.0,49.0
10:43:41,19.0,49.0
10:43:43,19.0,49.0
10:43:45,19.0,49.0
10:43:47,19.0,48.0
10:43:49,19.0,48.0
10:43:51,19.0,48.0
10:43:52,19.0,49.0
10:43:54,19.0,49.0
10:43:56,19.0,48.0
10:43:57,19.0,49.0
10:43:59,19.0,49.0
10:44:01,19.0,48.0
10:44:02,19.0,49.0
10:44:04,19.0,49.0
10:44:05,19.0,49.0
10:44:07,19.0,49.0
10:44:09,19.0,49.0
10:44:10,19.0,49.0
10:44:12,19.0,49.0
10:44:14,19.0,49.0
10:44:15,19.0,48.0
10:44:17,19.0,49.0
10:44:18,19.0,49.0
10:44:20,19.0,49.0
10:44:21,19.0,49.0
10:44:23,19.0,49.0
10:44:24,19.0,49.0
10:44:26,19.0,49.0
10:44:27,19.0,49.0
10:44:29,19.0,49.0
10:44:30,19.0,49.0
10:44:32,19.0,49.0
10:44:35,19.0,49.0
10:44:36,19.0,48.0
10:44:38,19.0,49.0
10:44:39,19.0,49.0
10:44:41,19.0,49.0
10:44:42,19.0,49.0
10:44:44,19.0,49.0
10:44:45,19.0,49.0
10:44:47,19.0,49.0
10:44:48,19.0,49.0
10:44:50,19.0,49.0
10:44:51,19.0,49.0
10:44:53,19.0,49.0
10:44:54,19.0,49.0
10:44:56,19.0,49.0
10:44:57,19.0,49.0
10:44:59,19.0,49.0
10:45:01,19.0,49.0
10:45:03,19.0,48.0
10:45:04,19.0,49.0
10:45:06,19.0,49.0
10:45:07,19.0,49.0
10:45:09,19.0,49.0
10:45:11,19.0,49.0
10:45:12,19.0,48.0
10:45:14,19.0,49.0
10:45:15,19.0,49.0
10:45:17,19.0,49.0
10:45:18,19.0,49.0
10:45:20,19.0,49.0
10:45:21,19.0,49.0
10:45:23,19.0,49.0
10:45:24,19.0,49.0
10:45:26,19.0,49.0
10:45:28,19.0,49.0
10:45:29,19.0,49.0
10:45:31,19.0,49.0
10:45:32,19.0,49.0
10:45:34,19.0,49.0
10:45:35,19.0,49.0
10:45:37,19.0,49.0
10:45:39,19.0,48.0
10:45:40,19.0,49.0
10:45:42,19.0,49.0
10:45:43,19.0,49.0
10:45:45,19.0,49.0
10:45:46,19.0,49.0
10:45:48,19.0,49.0
10:45:50,19.0,49.0
10:45:51,19.0,49.0
10:45:54,19.0,48.0
10:45:56,19.0,48.0
10:45:57,19.0,49.0
10:45:59,19.0,49.0
10:46:01,19.0,49.0
10:46:02,19.0,48.0
10:46:04,19.0,49.0
10:46:05,19.0,49.0
10:46:07,19.0,49.0
10:46:08,19.0,49.0
10:46:10,19.0,49.0
10:46:11,19.0,49.0
10:46:13,19.0,49.0
10:46:14,19.0,49.0
10:46:16,19.0,49.0
10:46:18,19.0,49.0
10:46:19,19.0,49.0
10:46:21,19.0,49.0
10:46:22,19.0,49.0
10:46:24,19.0,49.0
10:46:26,19.0,49.0
10:46:27,19.0,48.0
10:46:29,19.0,49.0
10:46:30,19.0,49.0
10:46:32,19.0,49.0
10:46:33,19.0,49.0
10:46:35,19.0,49.0
10:46:36,19.0,49.0
10:46:38,19.0,49.0
10:46:39,19.0,49.0
10:46:41,19.0,49.0
10:46:42,19.0,49.0
10:46:44,19.0,49.0
10:46:46,19.0,49.0
10:46:47,19.0,49.0
10:46:49,19.0,49.0
10:46:50,19.0,49.0
10:46:52,19.0,49.0
10:46:53,19.0,49.0
10:46:55,19.0,49.0
10:46:56,19.0,49.0
10:46:58,19.0,49.0
10:46:59,19.0,49.0
10:47:01,19.0,49.0
10:47:02,19.0,49.0
10:47:04,19.0,49.0
10:47:05,19.0,49.0
10:47:07,19.0,49.0
10:47:08,19.0,49.0
10:47:10,19.0,49.0
10:47:11,19.0,49.0
10:47:13,19.0,49.0
10:47:15,19.0,49.0
10:47:17,19.0,48.0
10:47:18,19.0,49.0
10:47:20,19.0,49.0
10:47:21,19.0,49.0
10:47:23,19.0,49.0
10:47:24,19.0,49.0
10:47:27,19.0,48.0
10:47:30,19.0,48.0
10:47:31,19.0,48.0
10:47:33,19.0,49.0
10:47:35,19.0,49.0
10:47:37,19.0,49.0
10:47:38,19.0,48.0
10:47:40,19.0,49.0
10:47:41,19.0,49.0
10:47:43,19.0,49.0
10:47:45,19.0,49.0
10:47:46,19.0,48.0
10:47:48,19.0,49.0
10:47:51,19.0,48.0
10:47:52,19.0,48.0
10:47:54,19.0,49.0
10:47:55,19.0,49.0
10:47:58,19.0,49.0
10:47:59,19.0,48.0
10:48:01,19.0,49.0
10:48:02,19.0,49.0
10:48:04,19.0,49.0
10:48:05,19.0,49.0
10:48:08,19.0,48.0
10:48:09,19.0,48.0
10:48:11,19.0,49.0
10:48:13,19.0,49.0
10:48:14,19.0,48.0
10:48:16,19.0,49.0
10:48:17,19.0,49.0
10:48:19,19.0,49.0
10:48:21,19.0,48.0
10:48:23,19.0,49.0
10:48:25,19.0,49.0
10:48:26,19.0,48.0
10:48:28,19.0,49.0
10:48:30,19.0,48.0
10:48:33,19.0,48.0
10:48:34,19.0,48.0
10:48:37,19.0,48.0
10:48:38,19.0,48.0
10:48:40,19.0,49.0
10:48:43,19.0,48.0
10:48:45,19.0,48.0
10:48:46,19.0,49.0
10:48:48,19.0,49.0
10:48:49,19.0,49.0
10:48:51,19.0,49.0
10:48:52,19.0,49.0
10:48:54,19.0,49.0
10:48:55,19.0,49.0
10:48:57,19.0,49.0
10:48:59,19.0,49.0
10:49:02,19.0,48.0
10:49:04,19.0,48.0
10:49:05,19.0,49.0
10:49:07,19.0,49.0
10:49:08,19.0,49.0
10:49:10,19.0,49.0
10:49:12,19.0,48.0
10:49:13,19.0,49.0
10:49:15,19.0,49.0
10:49:17,19.0,49.0
10:49:20,19.0,48.0
10:49:21,19.0,49.0
10:49:23,19.0,49.0
10:49:25,19.0,49.0
10:49:26,19.0,49.0
10:49:28,19.0,49.0
10:49:29,19.0,49.0
10:49:31,19.0,49.0
10:49:33,19.0,48.0
10:49:34,19.0,49.0
10:49:36,19.0,49.0
10:49:37,19.0,49.0
10:49:39,19.0,49.0
10:49:41,19.0,48.0
10:49:42,19.0,49.0
10:49:44,19.0,49.0
10:49:45,19.0,49.0
10:49:47,19.0,49.0
10:49:48,19.0,49.0
10:49:50,19.0,49.0
10:49:52,19.0,49.0
10:49:55,19.0,48.0
10:49:56,19.0,48.0
10:49:58,19.0,49.0
10:49:59,19.0,49.0
10:50:01,19.0,49.0
10:50:02,19.0,49.0
10:50:04,19.0,49.0
10:50:05,19.0,49.0
10:50:07,19.0,49.0
10:50:08,19.0,49.0
10:50:10,19.0,49.0
10:50:11,19.0,49.0
10:50:13,19.0,49.0
10:50:15,19.0,49.0
10:50:17,19.0,48.0
10:50:19,19.0,49.0
10:50:20,19.0,48.0
10:50:22,19.0,49.0
10:50:23,19.0,49.0
10:50:25,19.0,49.0
10:50:26,19.0,49.0
10:50:28,19.0,49.0
10:50:29,19.0,50.0
10:50:31,19.0,49.0
10:50:33,19.0,49.0
10:50:35,19.0,49.0
10:50:36,19.0,48.0
10:50:38,19.0,49.0
10:50:40,19.0,49.0
10:50:42,19.0,49.0
10:50:43,19.0,48.0
10:50:45,20.0,49.0
10:50:46,19.0,49.0
10:50:48,19.0,49.0
10:50:49,19.0,49.0
10:50:51,19.0,49.0
10:50:52,19.0,50.0
10:50:54,19.0,49.0
10:50:55,19.0,49.0
10:50:57,19.0,49.0
10:50:59,19.0,48.0
10:51:00,19.0,49.0
10:51:02,19.0,49.0
10:51:04,19.0,49.0
10:51:05,19.0,49.0
10:51:07,19.0,49.0
10:51:08,19.0,49.0
10:51:10,19.0,49.0
10:51:11,19.0,49.0
10:51:13,19.0,49.0
10:51:14,19.0,49.0
10:51:16,19.0,49.0
10:51:17,19.0,49.0
10:51:19,19.0,49.0
10:51:20,19.0,49.0
10:51:22,19.0,49.0
10:51:23,19.0,49.0
10:51:25,19.0,49.0
10:51:26,19.0,49.0
10:51:28,19.0,49.0
10:51:29,19.0,49.0
10:51:31,19.0,49.0
10:51:33,19.0,49.0
10:51:34,19.0,49.0
10:51:36,19.0,49.0
10:51:37,19.0,49.0
10:51:39,19.0,49.0
10:51:40,19.0,49.0
10:51:42,19.0,49.0
10:51:43,19.0,49.0
10:51:45,19.0,49.0
10:51:46,19.0,49.0
10:51:48,19.0,49.0
10:51:49,19.0,49.0
10:51:51,19.0,49.0
10:51:52,19.0,49.0
10:51:54,19.0,49.0
10:51:56,19.0,49.0
10:51:57,19.0,49.0
10:51:59,19.0,49.0
10:52:01,19.0,49.0
10:52:02,19.0,49.0
10:52:04,19.0,49.0
10:52:05,19.0,49.0
10:52:07,19.0,49.0
10:52:08,19.0,49.0
10:52:10,19.0,49.0
10:52:11,19.0,49.0
10:52:13,19.0,49.0
10:52:14,19.0,49.0
10:52:16,19.0,49.0
10:52:17,19.0,49.0
10:52:19,19.0,49.0
10:52:20,19.0,49.0
10:52:22,19.0,49.0
10:52:24,19.0,49.0
10:52:26,19.0,49.0
10:52:27,19.0,49.0
10:52:29,19.0,49.0
10:52:30,19.0,49.0
10:52:32,19.0,49.0
10:52:33,19.0,49.0
10:52:35,19.0,49.0
10:52:36,19.0,49.0
10:52:38,19.0,49.0
10:52:39,19.0,49.0
10:52:41,19.0,49.0
10:52:42,19.0,49.0
10:52:44,19.0,49.0
10:52:45,19.0,49.0
10:52:47,19.0,49.0
10:52:48,19.0,49.0
10:52:50,19.0,49.0
10:52:51,19.0,49.0
10:52:54,19.0,49.0
10:52:55,19.0,49.0
10:52:57,19.0,49.0
10:52:59,19.0,49.0
10:53:00,19.0,49.0
10:53:02,19.0,49.0
10:53:03,19.0,49.0
10:53:05,19.0,49.0
10:53:06,19.0,49.0
10:53:08,19.0,49.0
10:53:10,19.0,49.0
10:53:11,19.0,49.0
10:53:13,19.0,49.0
10:53:14,19.0,50.0
10:53:16,19.0,49.0
10:53:17,19.0,49.0
10:53:19,19.0,49.0
10:53:21,19.0,49.0
10:53:22,19.0,49.0
10:53:24,19.0,49.0
10:53:25,19.0,49.0
10:53:27,19.0,49.0
10:53:28,19.0,49.0
10:53:30,19.0,49.0
10:53:31,19.0,49.0
10:53:33,19.0,49.0
10:53:34,19.0,49.0
10:53:36,19.0,49.0
10:53:37,19.0,49.0
10:53:39,19.0,49.0
10:53:40,19.0,49.0
10:53:42,19.0,49.0
10:53:43,19.0,49.0
10:53:45,19.0,49.0
10:53:47,19.0,49.0
10:53:48,19.0,49.0
10:53:50,19.0,49.0
10:53:51,20.0,49.0
10:53:53,19.0,49.0
10:53:54,19.0,49.0
10:53:56,19.0,49.0
10:53:57,19.0,49.0
10:53:59,19.0,49.0
10:54:00,19.0,49.0
10:54:02,19.0,49.0
10:54:03,19.0,49.0
10:54:05,19.0,49.0
10:54:06,19.0,49.0
10:54:08,19.0,49.0
10:54:10,19.0,49.0
10:54:11,19.0,49.0
10:54:13,19.0,49.0
10:54:15,19.0,49.0
10:54:16,19.0,49.0
10:54:18,19.0,49.0
10:54:19,19.0,49.0
10:54:21,19.0,49.0
10:54:22,19.0,49.0
10:54:24,19.0,49.0
10:54:25,19.0,49.0
10:54:27,19.0,49.0
10:54:28,19.0,49.0
10:54:30,19.0,49.0
10:54:31,19.0,49.0
10:54:33,19.0,49.0
10:54:34,19.0,49.0
10:54:36,19.0,49.0
10:54:37,19.0,49.0
10:54:39,19.0,49.0
10:54:40,19.0,49.0
10:54:42,19.0,49.0
10:54:44,19.0,49.0
10:54:45,19.0,49.0
10:54:47,19.0,49.0
10:54:49,19.0,49.0
10:54:50,19.0,49.0
10:54:52,19.0,49.0
10:54:53,19.0,49.0
10:54:55,19.0,49.0
10:54:56,19.0,49.0
10:54:58,19.0,49.0
10:54:59,19.0,49.0
10:55:01,19.0,49.0
10:55:02,19.0,49.0
10:55:04,19.0,49.0
10:55:05,19.0,49.0
10:55:07,19.0,49.0
10:55:08,19.0,49.0
10:55:10,19.0,49.0
10:55:12,19.0,49.0
10:55:13,19.0,49.0
10:55:15,19.0,49.0
10:55:16,19.0,49.0
10:55:18,19.0,49.0
10:55:19,19.0,49.0
10:55:21,19.0,49.0
10:55:22,19.0,49.0
10:55:24,19.0,49.0
10:55:25,19.0,49.0
10:55:27,19.0,49.0
10:55:28,19.0,49.0
10:55:30,19.0,49.0
10:55:31,19.0,49.0
10:55:33,19.0,49.0
10:55:34,19.0,49.0
10:55:36,19.0,49.0
10:55:38,19.0,49.0
10:55:39,19.0,49.0
10:55:41,19.0,49.0
10:55:42,19.0,49.0
10:55:44,19.0,49.0
10:55:45,19.0,49.0
10:55:47,19.0,49.0
10:55:48,19.0,49.0
10:55:50,19.0,49.0
10:55:51,19.0,49.0
10:55:53,19.0,49.0
10:55:54,19.0,49.0
10:55:56,19.0,49.0
10:55:57,19.0,49.0
10:55:59,19.0,49.0
10:56:00,19.0,49.0
10:56:02,19.0,49.0
10:56:03,19.0,49.0
10:56:05,19.0,49.0
10:56:07,19.0,49.0
10:56:08,19.0,49.0
10:56:10,19.0,49.0
10:56:12,19.0,49.0
10:56:14,19.0,48.0
10:56:16,19.0,49.0
10:56:17,19.0,48.0
10:56:19,19.0,49.0
10:56:20,19.0,49.0
10:56:22,19.0,49.0
10:56:23,19.0,49.0
10:56:25,19.0,49.0
10:56:26,19.0,49.0
10:56:28,19.0,49.0
10:56:30,19.0,49.0
10:56:32,19.0,48.0
10:56:33,19.0,49.0
10:56:35,19.0,49.0
10:56:37,19.0,48.0
10:56:38,19.0,49.0
10:56:40,19.0,49.0
10:56:41,19.0,49.0
10:56:43,19.0,49.0
10:56:44,19.0,49.0
10:56:46,19.0,49.0
10:56:47,19.0,49.0
10:56:49,19.0,49.0
10:56:50,19.0,49.0
10:56:52,19.0,49.0
10:56:54,19.0,48.0
10:56:55,19.0,49.0
10:56:57,19.0,49.0
10:56:59,19.0,49.0
10:57:00,19.0,49.0
10:57:02,19.0,49.0
10:57:03,19.0,49.0
10:57:05,19.0,49.0
10:57:06,19.0,49.0
10:57:08,19.0,49.0
10:57:09,19.0,49.0
10:57:11,19.0,49.0
10:57:12,19.0,49.0
10:57:14,19.0,49.0
10:57:15,19.0,49.0
10:57:17,19.0,49.0
10:57:18,19.0,49.0
10:57:20,19.0,49.0
10:57:21,19.0,49.0
10:57:23,19.0,49.0
10:57:24,19.0,49.0
10:57:27,19.0,49.0
10:57:28,19.0,49.0
10:57:30,19.0,49.0
10:57:31,19.0,49.0
10:57:33,19.0,49.0
10:57:34,19.0,49.0
10:57:36,19.0,49.0
10:57:37,19.0,49.0
10:57:39,19.0,49.0
10:57:40,19.0,49.0
10:57:42,19.0,49.0
10:57:43,19.0,49.0
10:57:45,19.0,49.0
10:57:47,19.0,49.0
10:57:48,19.0,49.0
10:57:50,19.0,49.0
10:57:52,19.0,49.0
10:57:53,19.0,49.0
10:57:55,19.0,49.0
10:57:56,19.0,49.0
10:57:58,19.0,49.0
10:57:59,19.0,49.0
10:58:01,19.0,49.0
10:58:02,19.0,49.0
10:58:04,19.0,49.0
10:58:05,19.0,49.0
10:58:07,19.0,49.0
10:58:08,19.0,49.0
10:58:10,19.0,49.0
10:58:11,19.0,49.0
10:58:13,19.0,49.0
10:58:14,19.0,49.0
10:58:16,19.0,49.0
10:58:17,19.0,49.0
10:58:19,19.0,49.0
10:58:21,19.0,49.0
10:58:22,19.0,49.0
10:58:24,19.0,49.0
10:58:25,19.0,49.0
10:58:27,19.0,49.0
10:58:28,19.0,49.0
10:58:30,19.0,49.0
10:58:31,19.0,49.0
10:58:33,19.0,49.0
10:58:34,19.0,49.0
10:58:36,19.0,49.0
10:58:37,19.0,49.0
10:58:39,19.0,49.0
10:58:40,19.0,49.0
10:58:42,19.0,49.0
10:58:44,19.0,49.0
10:58:45,19.0,48.0
10:58:47,19.0,49.0
10:58:49,19.0,49.0
10:58:51,19.0,48.0
10:58:53,19.0,48.0
10:58:54,19.0,49.0
10:58:56,19.0,49.0
10:58:57,19.0,49.0
10:58:59,19.0,49.0
10:59:01,19.0,48.0
10:59:02,19.0,49.0
10:59:04,19.0,49.0
10:59:05,19.0,49.0
10:59:07,19.0,49.0
10:59:08,19.0,49.0
10:59:10,19.0,49.0
10:59:11,19.0,49.0
10:59:14,19.0,49.0
10:59:15,19.0,48.0
10:59:17,19.0,49.0
10:59:18,19.0,49.0
10:59:20,19.0,49.0
10:59:21,19.0,49.0
10:59:23,19.0,49.0
10:59:24,19.0,49.0
10:59:26,19.0,49.0
10:59:27,19.0,49.0
10:59:29,19.0,49.0
10:59:30,19.0,49.0
10:59:32,19.0,49.0
10:59:34,19.0,49.0
10:59:35,19.0,49.0
10:59:37,19.0,49.0
10:59:39,19.0,49.0
10:59:40,19.0,49.0
10:59:42,19.0,49.0
10:59:44,19.0,48.0
10:59:45,19.0,49.0
10:59:47,19.0,49.0
10:59:48,19.0,49.0
10:59:50,19.0,49.0
10:59:51,19.0,49.0
10:59:53,19.0,49.0
10:59:54,19.0,49.0
10:59:56,19.0,49.0
10:59:58,19.0,49.0
10:59:59,19.0,49.0
11:00:01,19.0,49.0
11:00:02,19.0,49.0
11:00:04,19.0,49.0
11:00:06,19.0,49.0
11:00:07,19.0,49.0
11:00:09,19.0,49.0
11:00:10,19.0,49.0
11:00:12,19.0,49.0
11:00:14,19.0,49.0
11:00:15,19.0,48.0
11:00:17,19.0,49.0
11:00:19,19.0,48.0
11:00:20,19.0,49.0
11:00:22,19.0,49.0
11:00:23,19.0,49.0
11:00:25,19.0,49.0
11:00:27,19.0,49.0
11:00:28,19.0,48.0
11:00:30,19.0,49.0
11:00:32,19.0,49.0
11:00:33,19.0,49.0
11:00:35,19.0,49.0
11:00:36,19.0,49.0
11:00:38,19.0,49.0
11:00:39,19.0,49.0
11:00:41,19.0,49.0
11:00:42,19.0,49.0
11:00:44,19.0,49.0
11:00:45,19.0,49.0
11:00:47,19.0,49.0
11:00:48,19.0,49.0
11:00:50,19.0,49.0
11:00:51,19.0,50.0
11:00:53,19.0,49.0
11:00:54,19.0,49.0
11:00:56,19.0,49.0
11:00:57,19.0,49.0
11:00:59,19.0,49.0
11:01:01,19.0,49.0
11:01:02,19.0,49.0
11:01:04,19.0,49.0
11:01:05,19.0,49.0
11:01:07,19.0,49.0
11:01:08,19.0,49.0
11:01:10,19.0,49.0
11:01:11,19.0,49.0
11:01:13,19.0,49.0
11:01:14,19.0,48.0
11:01:16,19.0,49.0
11:01:17,19.0,49.0
11:01:19,19.0,49.0
11:01:20,19.0,49.0
11:01:22,19.0,49.0
11:01:23,19.0,49.0
11:01:25,19.0,49.0
11:01:26,19.0,49.0
11:01:28,19.0,49.0
11:01:30,19.0,49.0
11:01:31,19.0,49.0
11:01:33,19.0,49.0
11:01:34,19.0,49.0
11:01:36,19.0,49.0
11:01:37,19.0,49.0
11:01:39,19.0,49.0
11:01:40,19.0,49.0
11:01:42,19.0,49.0
11:01:43,19.0,49.0
11:01:45,19.0,49.0
11:01:46,19.0,49.0
11:01:48,19.0,49.0
11:01:49,19.0,49.0
11:01:51,19.0,49.0
11:01:52,19.0,49.0
11:01:54,19.0,49.0
11:01:56,19.0,49.0
11:01:57,19.0,49.0
11:01:59,19.0,49.0
11:02:00,19.0,49.0
11:02:02,19.0,49.0
11:02:03,19.0,49.0
11:02:05,19.0,49.0
11:02:06,19.0,49.0
11:02:08,19.0,49.0
11:02:09,19.0,49.0
11:02:11,19.0,49.0
11:02:12,19.0,49.0
11:02:14,19.0,49.0
11:02:15,19.0,49.0
11:02:17,19.0,49.0
11:02:18,19.0,49.0
11:02:20,19.0,49.0
11:02:21,19.0,49.0
11:02:23,19.0,49.0
11:02:25,19.0,49.0
11:02:26,19.0,49.0
11:02:28,19.0,49.0
11:02:29,19.0,49.0
11:02:31,19.0,49.0
11:02:32,19.0,49.0
11:02:34,19.0,49.0
11:02:35,19.0,49.0
11:02:37,19.0,49.0
11:02:38,19.0,49.0
11:02:40,19.0,49.0
11:02:41,19.0,49.0
11:02:43,19.0,49.0
11:02:44,19.0,49.0
11:02:46,19.0,49.0
11:02:47,19.0,49.0
11:02:49,19.0,49.0
11:02:50,19.0,49.0
11:02:52,19.0,49.0
11:02:54,19.0,49.0
11:02:55,19.0,49.0
11:02:57,19.0,49.0
11:02:58,19.0,49.0
11:03:00,19.0,49.0
11:03:01,19.0,49.0
11:03:03,19.0,49.0
11:03:04,19.0,49.0
11:03:06,19.0,49.0
11:03:08,19.0,48.0
11:03:09,19.0,49.0
11:03:11,19.0,49.0
11:03:12,19.0,49.0
11:03:14,19.0,49.0
11:03:15,19.0,49.0
11:03:17,19.0,49.0
11:03:18,18.0,50.0
11:03:20,19.0,49.0
11:03:22,19.0,49.0
11:03:23,19.0,49.0
11:03:25,19.0,49.0
11:03:26,19.0,49.0
11:03:28,19.0,49.0
11:03:29,19.0,49.0
11:03:31,19.0,49.0
11:03:33,19.0,48.0
11:03:35,19.0,48.0
11:03:36,19.0,49.0
11:03:38,19.0,49.0
11:03:39,19.0,49.0
11:03:41,19.0,49.0
11:03:42,19.0,49.0
11:03:44,19.0,49.0
11:03:45,19.0,49.0
11:03:47,19.0,49.0
11:03:49,19.0,49.0
11:03:50,19.0,49.0
11:03:52,19.0,49.0
11:03:53,19.0,49.0
11:03:55,19.0,49.0
11:03:56,19.0,49.0
11:03:58,19.0,49.0
11:03:59,19.0,49.0
11:04:01,19.0,49.0
11:04:02,19.0,49.0
11:04:04,19.0,49.0
11:04:05,19.0,49.0
11:04:07,19.0,49.0
11:04:08,19.0,49.0
11:04:10,19.0,49.0
11:04:11,19.0,49.0
11:04:13,19.0,49.0
11:04:14,19.0,49.0
11:04:16,19.0,49.0
11:04:18,19.0,49.0
11:04:19,19.0,49.0
11:04:21,19.0,49.0
11:04:22,19.0,49.0
11:04:24,19.0,49.0
11:04:25,19.0,49.0
11:04:27,19.0,49.0
11:04:28,19.0,49.0
11:04:30,19.0,49.0
11:04:31,19.0,49.0
11:04:33,19.0,49.0
11:04:34,19.0,49.0
11:04:36,19.0,49.0
11:04:37,19.0,49.0
11:04:39,19.0,49.0
11:04:40,19.0,49.0
11:04:42,19.0,49.0
11:04:43,19.0,49.0
11:04:45,19.0,49.0
11:04:47,19.0,49.0
11:04:48,19.0,49.0
11:04:50,19.0,50.0
11:04:52,19.0,48.0
11:04:53,19.0,49.0
11:04:55,19.0,49.0
11:04:56,19.0,49.0
11:04:58,19.0,49.0
11:04:59,19.0,49.0
11:05:01,19.0,49.0
11:05:02,19.0,49.0
11:05:04,19.0,49.0
11:05:05,19.0,49.0
11:05:07,19.0,49.0
11:05:08,19.0,49.0
11:05:10,19.0,49.0
11:05:12,19.0,49.0
11:05:13,19.0,49.0
11:05:15,19.0,49.0
11:05:16,19.0,49.0
11:05:18,19.0,49.0
11:05:19,19.0,49.0
11:05:21,19.0,49.0
11:05:22,19.0,49.0
11:05:24,19.0,49.0
11:05:25,19.0,49.0
11:05:27,19.0,49.0
11:05:28,19.0,49.0
11:05:30,19.0,49.0
11:05:32,19.0,48.0
11:05:33,19.0,49.0
11:05:35,19.0,49.0
11:05:36,19.0,49.0
11:05:38,19.0,49.0
11:05:40,19.0,49.0
11:05:41,19.0,49.0
11:05:43,19.0,49.0
11:05:44,19.0,49.0
11:05:46,19.0,49.0
11:05:47,19.0,49.0
11:05:49,19.0,49.0
11:05:50,19.0,49.0
11:05:52,19.0,49.0
11:05:53,19.0,49.0
11:05:55,19.0,49.0
11:05:56,19.0,49.0
11:05:58,19.0,49.0
11:05:59,19.0,49.0
11:06:01,19.0,49.0
11:06:02,19.0,49.0
11:06:04,19.0,49.0
11:06:05,19.0,49.0
11:06:07,19.0,49.0
11:06:09,19.0,49.0
11:06:10,19.0,49.0
11:06:12,19.0,49.0
11:06:13,19.0,49.0
11:06:15,19.0,49.0
11:06:17,19.0,48.0
11:06:18,19.0,49.0
11:06:20,19.0,49.0
11:06:21,19.0,49.0
11:06:23,19.0,49.0
11:06:25,19.0,48.0
11:06:26,19.0,49.0
11:06:28,19.0,49.0
11:06:29,19.0,49.0
11:06:31,19.0,49.0
11:06:32,19.0,49.0
11:06:34,19.0,49.0
11:06:36,19.0,49.0
11:06:37,19.0,49.0
11:06:39,19.0,49.0
11:06:40,19.0,49.0
11:06:42,19.0,49.0
11:06:43,19.0,49.0
11:06:45,19.0,49.0
11:06:46,19.0,49.0
11:06:48,19.0,49.0
11:06:49,19.0,49.0
11:06:51,19.0,49.0
11:06:52,20.0,49.0
11:06:54,19.0,49.0
11:06:56,19.0,49.0
11:06:58,19.0,49.0
11:06:59,19.0,48.0
11:07:02,19.0,49.0
11:07:03,19.0,48.0
11:07:05,19.0,49.0
11:07:06,19.0,49.0
11:07:08,19.0,49.0
11:07:09,19.0,49.0
11:07:11,19.0,48.0
11:07:12,19.0,49.0
11:07:14,19.0,49.0
11:07:16,19.0,49.0
11:07:17,19.0,48.0
11:07:19,19.0,49.0
11:07:20,19.0,49.0
11:07:22,19.0,49.0
11:07:23,19.0,49.0
11:07:25,19.0,49.0
11:07:27,19.0,49.0
11:07:28,19.0,49.0
11:07:30,19.0,49.0
11:07:31,19.0,49.0
11:07:33,19.0,49.0
11:07:34,19.0,49.0
11:07:36,19.0,49.0
11:07:37,19.0,49.0
11:07:39,19.0,49.0
11:07:41,19.0,48.0
11:07:42,19.0,49.0
11:07:44,19.0,49.0
11:07:46,19.0,48.0
11:07:47,19.0,49.0
11:07:49,19.0,49.0
11:07:50,19.0,49.0
11:07:52,19.0,48.0
11:07:54,19.0,49.0
11:07:55,19.0,49.0
11:07:57,19.0,49.0
11:07:58,19.0,49.0
11:08:00,19.0,49.0
11:08:01,19.0,49.0
11:08:03,19.0,49.0
11:08:04,19.0,49.0
11:08:06,19.0,49.0
11:08:07,19.0,49.0
11:08:09,19.0,49.0
11:08:10,19.0,49.0
11:08:12,19.0,49.0
11:08:13,19.0,49.0
11:08:15,19.0,49.0
11:08:16,19.0,49.0
11:08:18,19.0,49.0
11:08:20,19.0,49.0
11:08:22,19.0,48.0
11:08:24,19.0,49.0
11:08:25,19.0,48.0
11:08:27,19.0,49.0
11:08:28,19.0,49.0
11:08:30,19.0,49.0
11:08:31,19.0,49.0
11:08:33,19.0,49.0
11:08:34,19.0,49.0
11:08:36,19.0,49.0
11:08:37,19.0,49.0
11:08:39,19.0,49.0
11:08:40,19.0,49.0
11:08:42,19.0,49.0
11:08:43,19.0,49.0
11:08:46,19.0,49.0
11:08:47,19.0,48.0
11:08:49,19.0,49.0
11:08:50,19.0,49.0
11:08:52,20.0,49.0
11:08:53,19.0,49.0
11:08:55,19.0,49.0
11:08:56,19.0,49.0
11:08:58,19.0,49.0
11:08:59,19.0,49.0
11:09:01,19.0,49.0
11:09:02,19.0,49.0
11:09:04,19.0,49.0
11:09:05,19.0,49.0
11:09:07,19.0,49.0
11:09:08,19.0,49.0
11:09:10,19.0,49.0
11:09:12,19.0,49.0
11:09:13,19.0,49.0
11:09:15,19.0,49.0
11:09:16,19.0,49.0
11:09:18,19.0,49.0
11:09:19,19.0,49.0
11:09:21,19.0,49.0
11:09:22,19.0,49.0
11:09:24,19.0,49.0
11:09:25,19.0,49.0
11:09:27,19.0,49.0
11:09:28,19.0,49.0
11:09:30,19.0,49.0
11:09:31,19.0,49.0
11:09:33,19.0,49.0
11:09:34,19.0,49.0
11:09:36,19.0,49.0
11:09:37,19.0,49.0
11:09:39,19.0,49.0
11:09:41,19.0,49.0
11:09:43,19.0,49.0
11:09:45,19.0,48.0
11:09:46,19.0,49.0
11:09:48,19.0,49.0
11:09:49,19.0,49.0
11:09:51,19.0,49.0
11:09:52,19.0,49.0
11:09:54,19.0,49.0
11:09:55,19.0,49.0
11:09:57,19.0,49.0
11:09:58,19.0,49.0
11:10:00,19.0,49.0
11:10:01,19.0,49.0
11:10:03,19.0,49.0
11:10:04,19.0,49.0
11:10:06,19.0,49.0
11:10:08,19.0,49.0
11:10:09,19.0,49.0
11:10:11,19.0,49.0
11:10:12,19.0,49.0
11:10:14,19.0,49.0
11:10:15,19.0,49.0
11:10:17,19.0,49.0
11:10:19,19.0,49.0
11:10:20,19.0,48.0
11:10:22,19.0,49.0
11:10:23,19.0,49.0
11:10:25,19.0,49.0
11:10:26,19.0,49.0
11:10:28,19.0,49.0
11:10:29,19.0,49.0
11:10:31,19.0,49.0
11:10:33,19.0,49.0
11:10:34,19.0,49.0
11:10:36,19.0,49.0
11:10:37,19.0,49.0
11:10:39,19.0,49.0
11:10:40,19.0,49.0
11:10:42,19.0,49.0
11:10:43,19.0,49.0
11:10:45,19.0,49.0
11:10:46,19.0,49.0
11:10:48,19.0,49.0
11:10:50,19.0,48.0
11:10:51,19.0,49.0
11:10:53,19.0,49.0
11:10:54,19.0,49.0
11:10:56,19.0,49.0
11:10:57,19.0,49.0
11:10:59,19.0,49.0
11:11:01,19.0,49.0
11:11:02,19.0,49.0
11:11:04,19.0,49.0
11:11:05,19.0,49.0
11:11:07,19.0,49.0
11:11:08,19.0,49.0
11:11:10,19.0,49.0
11:11:11,19.0,49.0
11:11:13,19.0,49.0
11:11:14,19.0,49.0
11:11:16,19.0,49.0
11:11:17,19.0,49.0
11:11:19,19.0,49.0
11:11:20,19.0,49.0
11:11:22,19.0,49.0
11:11:23,19.0,49.0
11:11:25,19.0,49.0
11:11:26,19.0,49.0
11:11:28,19.0,49.0
11:11:30,19.0,49.0
11:11:31,19.0,49.0
11:11:33,19.0,49.0
11:11:34,19.0,49.0
11:11:36,19.0,49.0
11:11:37,19.0,49.0
11:11:39,19.0,49.0
11:11:40,19.0,49.0
11:11:42,19.0,49.0
11:11:43,19.0,49.0
11:11:45,19.0,49.0
11:11:46,19.0,49.0
11:11:48,19.0,49.0
11:11:49,19.0,49.0
11:11:51,19.0,50.0
11:11:52,19.0,49.0
11:11:54,19.0,49.0
11:11:56,19.0,49.0
11:11:57,19.0,49.0
11:11:59,19.0,49.0
11:12:00,19.0,49.0
11:12:02,19.0,49.0
11:12:03,19.0,49.0
11:12:05,19.0,49.0
11:12:06,19.0,49.0
11:12:08,19.0,49.0
11:12:10,19.0,49.0
11:12:11,19.0,48.0
11:12:13,19.0,49.0
11:12:14,19.0,49.0
11:12:16,19.0,49.0
11:12:17,19.0,49.0
11:12:19,19.0,49.0
11:12:20,19.0,49.0
11:12:22,19.0,49.0
11:12:24,19.0,49.0
11:12:25,19.0,49.0
11:12:27,19.0,49.0
11:12:28,19.0,49.0
11:12:30,19.0,49.0
11:12:31,19.0,49.0
11:12:33,19.0,49.0
11:12:34,19.0,49.0
11:12:36,19.0,49.0
11:12:37,19.0,49.0
11:12:39,19.0,49.0
11:12:40,19.0,49.0
11:12:42,19.0,49.0
11:12:44,19.0,48.0
11:12:46,19.0,49.0
11:12:47,19.0,48.0
11:12:49,19.0,49.0
11:12:51,19.0,49.0
11:12:52,19.0,49.0
11:12:54,19.0,49.0
11:12:55,19.0,49.0
11:12:57,19.0,49.0
11:12:58,19.0,49.0
11:13:00,19.0,49.0
11:13:01,19.0,49.0
11:13:03,19.0,49.0
11:13:04,19.0,49.0
11:13:06,19.0,49.0
11:13:07,19.0,49.0
11:13:09,19.0,49.0
11:13:10,19.0,49.0
11:13:12,19.0,49.0
11:13:13,19.0,49.0
11:13:15,19.0,49.0
11:13:16,19.0,49.0
11:13:18,19.0,49.0
11:13:20,19.0,49.0
11:13:21,19.0,49.0
